scientific_name,num_images
Prionailurus_bengalensis,1064
Falco_peregrinus,960
Panthera_tigris,888
Pitta_nympha,880
Lutra_lutra,873
Anthracoceros_albirostris,853
Dermochelys_coriacea,853
Enhydris_enhydris,851
Boiga_cyanea,840
Tyto_alba,838
Felis_catus,836
Buceros_bicornis,817
Egretta_eulophotes,817
Platalea_minor,801
Cuon_alpinus,793
Ketupa_zeylonensis,792
Indotestudo_elongata,783
Bungarus_fasciatus,775
Pteropus_vampyrus,772
Rusa_unicolor,771
Psittacula_alexandri,761
Chelonia_mydas,758
Elephas_maximus,753
Lophura_diardi,747
Pavo_muticus,747
Eretmochelys_imbricata,747
Ahaetulla_prasina,743
Python_bivittatus,742
Coelognathus_radiatus,729
Berenicornis_comatus,728
Helarctos_malayanus,726
Ptyas_mucosa,726
Loriculus_vernalis,725
Dugong_dugon,724
Cissa_chinensis,722
Cervus_nippon,714
Sus_domesticus,709
Leiolepis_belliana,709
Canis_familiaris,708
Macaca_arctoides,707
Lethocerus_indicus,706
Xenopeltis_unicolor,705
Melopsittacus_undulatus,702
Columba_livia_domestica,702
Ursus_thibetanus,701
Papilio_bianor,700
Attacus_atlas,697
Spilornis_cheela,697
Grus_antigone,696
Meleagris_gallopavo,695
Troides_helena,693
Pelecanus_philippensis,691
Aquila_nipalensis,689
Rhacophorus_nigropalmatus,687
Crocodylus_siamensis,683
Cyprinus_rubrofuscus,680
Ciconia_episcopus,678
Megophrys_montana,677
Actias_selene,676
Manis_javanica,674
Anas_platyrhynchos_domesticus,671
Tachypleus_tridentatus,669
Ratufa_bicolor,668
Leptoptilos_javanicus,668
Pinctada_margaritifera,661
Bos_gaurus,653
Cassis_cornuta,648
Ophiophagus_hannah,647
Anser_anser_domesticus,646
Polyplectron_bicalcaratum,644
Kaloula_pulchra,644
Carassius_auratus,633
Ovophis_monticola,632
Copsychus_malabaricus,632
Charonia_tritonis,629
Serinus_canaria,625
Petaurista_philippensis,625
Varanus_salvator,624
Equus_caballus,623
Ovis_aries,614
Kallima_inachus,610
Physignathus_cocincinus,609
Pygathrix_nemaeus,605
Capra_hircus,601
Oryctolagus_cuniculus,598
Gallus_gallus_domesticus,597
Arctictis_binturong,591
Birgus_latro,588
Polypedates_leucomystax,583
Bos_taurus,581
Panulirus_ornatus,578
Bubalus_bubalis,555
Cylindrophis_ruffus,553
Gekko_gecko,545
Eutropis_multifasciata,539
Platysternon_megacephalum,531
Treron_sieboldii,510
Tridacna_gigas,507
Eupatorus_gracilicornis,499
Neofelis_nebulosa,469
Ingerophrynus_galeatus,426
Cavia_porcellus,423
Daboia_siamensis,416
Ichthyophis_bannanicus,408
Hylarana,397
Nomascus_leucogenys,389
Dorcus_curvidens,356
Harpactes_erythrocephalus,344
Cheirotonus_macleayi,339
Leptobrachium,335
Neophocaena_phocaenoides,335
Mesocricetus_auratus,317
Gracula_religiosa,316
Eurylaimus_javanicus,314
Acanthosaura,312
Odorrana,312
Hystrix_brachyura,298
Theloderma_corticale,296
Amolops,289
Columba_punicea,264
Shinisaurus_crocodilurus,252
Asarcornis_scutulata,249
Acropora,242
Pharnacia,215
Nycticebus_pygmaeus,166
Capricornis_milneedwardsii,164
Megalaima_lagrandieri,150
Cuora_galbinifrons,146
Otis_bengalensis,146
Bombina_maxima,142
Gekko_badenii,129
Oriolus_mellianus,122
Palea_steindachneri,102
Catopuma_temminckii,99
Goniurosaurus_catbaensis,94
Garrulax_yersini,94
Garrulax_milleti,89
Teinopalpus_aureus,72
Arborophila_davidi,49
Paramesotriton_deloustali,48
Prionodon_pardicolor,47
Phyllium_pulchrifolium,42
Brachytarsophrys_feae,39
Pelochelys_cantorii,33
Rheinardia_ocellata,21
Rhinopithecus_avunculus,14
Chrotogale_owstoni,10
Muntiacus_vuquangensis,6
Tylototriton_vietnamensis,6
Tragulus_versicolor,0
